epoch,loss,acc
1,1.1105290651321411,0.7104275822639465
2,0.38742703199386597,0.898727536201477
3,0.3248210847377777,0.9116566181182861
4,0.2954106032848358,0.917922854423523
5,0.2774234414100647,0.921647310256958
6,0.2650469243526459,0.9243588447570801
7,0.255635142326355,0.9263734221458435
8,0.2480529397726059,0.9279897809028625
9,0.2422957420349121,0.929271936416626
10,0.2348657101392746,0.9308666586875916
